trueE,recE,rec_theta,rec_phi,rec_x,rec_y,NhitE,NhitM,NtrigE,NfiltE,Eage,Echi,Endf,NpE1,NpE2,NpE3,NuW1,NuW2,NuW3,NuM1,NuM2,NuM3,NuM4,NuM5,N_ED_pe,N_MD_pe,R_ue,compactness,pincness,rho40,R_mean
254106124288.0,2.938751459121704,0.625065803527832,3.729020833969116,-186.77557373046875,535.174072265625,2988,127,407,322,0.9942827820777893,183929.765625,-1,16968.3125,3780.924560546875,18117.12109375,3.5060184001922607,3.699424982070923,101.71536254882812,32.25265884399414,20.758459091186523,18.462316513061523,34.548797607421875,34.548797607421875,18117.121,32.25266,-2.7495223177932404,0.054345913129304264,0.9166666666666666,641.0603727255299,64.44884701862144
366505885696.0,2.809267520904541,0.7216626405715942,5.272491455078125,-71.51177215576172,-307.9217224121094,8154,148,655,668,0.9835553765296936,531064.5625,-1,47465.9375,9927.42578125,51198.828125,3.965757131576538,3.9131357669830322,165.60360717773438,105.99203491210938,71.74056243896484,60.512001037597656,117.2206039428711,117.2206039428711,51198.83,105.992035,-2.683986380772258,0.0737,0.9542302357836339,917.6473004933571,76.73630083415755
192553549824.0,3.0207340717315674,0.5767654776573181,5.582721710205078,-133.19322204589844,-539.7752685546875,1796,102,311,297,0.9368888139724731,162154.6875,-1,14100.1611328125,2156.9423828125,14693.7001953125,3.252995252609253,3.4268264770507812,53.07869338989258,23.56747055053711,17.382957458496094,15.877019882202148,25.073408126831055,25.073408126831055,14693.7,23.56747,-2.794816358584179,0.09801889800799451,0.9029126213592233,417.5502294167986,49.48433701440169
126780645376.0,3.0983834266662598,0.4257187247276306,0.1484028398990631,146.01394653320312,341.8720703125,1848,118,516,472,0.9352803826332092,125982.265625,-1,10600.4208984375,2073.64794921875,11344.8662109375,3.1925580501556396,3.2496771812438965,33.497230529785156,19.053598403930664,12.79295539855957,11.532739639282227,20.313812255859375,21.71161460876465,11344.866,19.053598,-2.774820092051666,0.24455606709723435,0.9426751592356686,262.0318778970713,50.6548706962654
147420446720.0,3.0314316749572754,0.43076854944229126,4.081338405609131,208.31468200683594,-62.697288513183594,1906,133,504,377,1.096457839012146,108684.046875,-1,11644.7939453125,1913.1512451171875,12270.2802734375,3.1604344844818115,3.2823140621185303,37.18998336791992,30.525436401367188,16.006853103637695,15.008554458618164,31.52373504638672,31.52373504638672,12270.28,30.525436,-2.6041911786414036,0.18525712182911636,0.9325301204819277,291.4411482191182,50.17687732859344
195439640576.0,2.711808204650879,0.7839053273200989,4.424042701721191,216.8662109375,54.49700927734375,3260,144,433,477,1.0827202796936035,234870.921875,-1,24161.283203125,4025.98974609375,25534.400390625,3.6532585620880127,3.6659200191497803,84.45032501220703,73.0285873413086,46.344200134277344,42.407649993896484,76.96514129638672,76.96514129638672,25534.4,73.02859,-2.5436321695698627,0.09207367240494702,0.9376114081996433,534.7423944220395,63.686312353061645
853282455552.0,3.1015584468841553,0.20085473358631134,3.4709324836730957,-334.4467468261719,2.3525943756103516,6412,165,726,462,1.0043377876281738,554665.0,-1,59887.25390625,13852.3525390625,64784.40234375,3.946316719055176,4.1438422203063965,220.5022735595703,134.232177734375,98.44839477539062,86.91343688964844,145.76715087890625,147.15382385253906,64784.402,134.23218,-2.683613496998785,0.0507,0.946058091286307,1549.1838171695974,73.99877375478137
231631142912.0,3.0791425704956055,0.3582459092140198,4.798755645751953,-72.3776626586914,237.8427734375,2847,143,523,402,0.9862352013587952,139048.84375,-1,22518.296875,3446.349365234375,23466.109375,3.38988995552063,3.477696418762207,56.061710357666016,32.664329528808594,26.5440616607666,21.886131286621094,37.32225799560547,38.122257232666016,23466.11,32.66433,-2.856366012764441,0.12414203015640335,0.9317647058823528,469.3805436695654,54.083543818294274
130812583936.0,2.6781558990478516,0.8295178413391113,3.7705674171447754,-68.63690185546875,-406.4124450683594,2828,95,422,640,0.9640558958053589,207183.859375,-1,18113.287109375,3742.89013671875,19472.814453125,3.6802053451538086,3.6064088344573975,63.67912673950195,22.555095672607422,12.296847343444824,12.296847343444824,22.555095672607422,22.555095672607422,19472.814,22.555096,-2.936182126616189,0.14781648580473286,0.948301329394387,369.77802682819515,65.31367536768465
101071077376.0,3.0602002143859863,0.40428900718688965,3.7362842559814453,-29.828577041625977,-206.942138671875,1417,122,465,363,0.9740831851959229,80969.8671875,-1,7329.45263671875,1489.87158203125,7742.4326171875,3.0523011684417725,3.147270679473877,26.533811569213867,16.330249786376953,9.48908519744873,7.236071586608887,18.583263397216797,18.583263397216797,7742.4326,16.33025,-2.675881947191036,0.15894923290665208,0.9261083743842364,210.46580835235818,46.01343262575308
216637980672.0,3.1002941131591797,0.08101700991392136,3.9201624393463135,-301.0602722167969,-169.54345703125,2183,164,582,404,0.9772266745567322,135421.078125,-1,12107.0703125,2118.9775390625,12935.673828125,3.1681487560272217,3.3220114707946777,37.15988540649414,85.7539291381836,68.88041687011719,64.40738677978516,90.22695922851562,90.22695922851562,12935.674,85.75393,-2.1785345218942465,0.14636073359219198,0.9361702127659575,306.86027967591093,51.37404947299105
280250089472.0,3.0602002143859863,0.4011671543121338,0.6189584136009216,314.7511291503906,-123.24102020263672,3875,130,575,469,0.9495729804039001,175034.359375,-1,24681.77734375,3832.898681640625,26124.912109375,3.440725803375244,3.5547993183135986,66.64610290527344,62.84382247924805,26.570741653442383,25.29898452758789,64.1155776977539,64.1155776977539,26124.912,62.843822,-2.618791553820165,0.08415646200591513,0.942687747035573,486.8989198885784,58.877217810476274
161520025600.0,2.855809211730957,0.6682919859886169,1.8882222175598145,213.60385131835938,472.00006103515625,2300,124,340,402,0.9932959079742432,172539.03125,-1,16012.5400390625,3282.772216796875,16879.53515625,3.4722228050231934,3.4906539916992188,60.823760986328125,20.31418228149414,19.436782836914062,17.248981475830078,22.501981735229492,24.021982192993164,16879.535,20.314182,-2.9195589994734688,0.09648244443953101,0.9243119266055045,469.8652415128987,55.24757023126597
156383068160.0,3.1180200576782227,0.23259972035884857,5.651513576507568,134.15469360351562,551.3923950195312,1157,116,316,227,1.1554619073867798,73733.9609375,-1,8084.9736328125,998.804443359375,8434.638671875,2.8660686016082764,3.239772319793701,30.981487274169922,15.034914016723633,5.626394748687744,5.626394748687744,15.034914016723633,16.768247604370117,8434.639,15.034914,-2.748962645438038,0.13242100499774614,0.8947368421052629,279.6418832693425,44.85963244735222
238739734528.0,3.137986660003662,0.36823445558547974,1.039005994796753,-88.66153717041016,-372.7645568847656,2954,153,532,474,0.9082093834877014,158827.9375,-1,22720.609375,3213.305419921875,23848.171875,3.362588882446289,3.4678571224212646,54.83564376831055,48.8202018737793,39.228736877441406,35.5333137512207,52.515625,53.68895721435547,23848.172,48.8202,-2.6888546325274296,0.15252988730411507,0.9416666666666667,433.18954057816273,55.56808242123925
210416893952.0,2.965878963470459,0.6024267077445984,1.5084553956985474,497.5701904296875,224.07888793945312,2021,122,320,311,1.1003986597061157,157071.25,-1,16618.318359375,2210.057373046875,17298.751953125,3.2740628719329834,3.4703311920166016,58.97502517700195,42.030860900878906,20.389219284057617,18.421001434326172,43.99907684326172,43.99907684326172,17298.752,42.03086,-2.6144454525240004,0.08057942929748362,0.9069767441860465,455.93592330329494,52.87954772112284
325674631168.0,3.0588533878326416,0.3439543843269348,4.443971633911133,330.5700378417969,347.6123962402344,3280,135,429,360,1.06472647190094,201082.796875,-1,20044.53125,3362.6962890625,21015.36328125,3.3777174949645996,3.4976913928985596,58.63663101196289,29.15269660949707,25.644773483276367,24.76050567626953,30.036964416503906,30.036964416503906,21015.363,29.152697,-2.857856679130059,0.07787482627851136,0.925,537.9135531457706,53.29215428823064
214049521664.0,3.114453077316284,0.12109196186065674,3.4846582412719727,97.61355590820312,353.3895263671875,2276,123,615,412,1.0278569459915161,123073.3203125,-1,11486.7275390625,2741.30810546875,12418.2822265625,3.2753679752349854,3.386991024017334,42.880645751953125,30.112485885620117,26.407201766967773,22.747983932495117,33.77170181274414,35.46503448486328,12418.282,30.112486,-2.615313474020807,0.12903812664984546,0.9369158878504673,371.82060982058545,53.793464166236184
450972778496.0,2.8692095279693604,0.6799008846282959,0.12456275522708893,295.4298400878906,-329.8869934082031,8194,161,634,564,0.9818535447120667,487140.53125,-1,53133.31640625,11539.8583984375,56990.43359375,3.9971814155578613,3.9665300846099854,190.0067596435547,81.54744720458984,45.52521514892578,42.36970520019531,84.70295715332031,88.5836181640625,56990.434,81.54745,-2.844391058359881,0.0617,0.9473684210526315,1199.78673110692,74.96000276255732
167635877888.0,2.55139422416687,0.8691863417625427,1.6722067594528198,-530.8295288085938,172.03915405273438,2533,116,356,409,1.116114854812622,168196.890625,-1,26663.232421875,3125.190185546875,27713.275390625,3.6681110858917236,3.758373737335205,85.69750213623047,39.38528823852539,36.67601013183594,29.394493103027344,46.666805267333984,48.58618927001953,27713.275,39.38529,-2.847352726579956,0.08331064809273904,0.9166666666666667,489.80224638920595,64.4496880842958
328415150080.0,3.0585899353027344,0.3792989253997803,4.936363697052002,111.08557891845703,-305.9580078125,3832,149,549,436,1.0403093099594116,181916.78125,-1,17190.515625,3485.765380859375,18469.525390625,3.397864580154419,3.5178232192993164,61.3461799621582,53.65134048461914,32.000492095947266,25.519033432006836,60.13279724121094,61.67946243286133,18469.525,53.65134,-2.536874348758276,0.06969194935763895,0.9390519187358917,485.0205640617741,58.387878461656136
465992384512.0,2.7739367485046387,0.7455374002456665,5.194868087768555,-141.65158081054688,386.640869140625,8564,160,588,633,0.980861246585846,507826.21875,-1,54466.8359375,11036.64453125,58892.91015625,4.029852867126465,3.9703240394592285,189.68527221679688,101.79188537597656,84.47095489501953,78.30471801757812,107.95811462402344,107.95811462402344,58892.91,101.791885,-2.7623494302055587,0.0678,0.9507692307692308,1128.525375399358,79.48240901082893
435257081856.0,3.061450958251953,0.4825015068054199,0.9930474758148193,349.0400390625,-458.7657775878906,3307,140,335,261,1.0040364265441895,133706.21875,-1,12244.912109375,3546.534423828125,13278.0810546875,3.426668167114258,3.7523629665374756,108.66968536376953,40.084747314453125,33.4755744934082,28.5943546295166,44.965965270996094,47.72338104248047,13278.081,40.084747,-2.520155081741962,0.04795586038639324,0.8951310861423221,820.5988933164938,61.261399121735565
176283451392.0,2.641732692718506,0.8241975903511047,4.798191547393799,-232.286376953125,303.35498046875,3608,143,435,674,0.981924831867218,299231.65625,-1,26775.65234375,5221.96923828125,28679.810546875,3.809926748275757,3.7261478900909424,86.02378845214844,65.47402954101562,59.737762451171875,51.827842712402344,73.38394165039062,74.4372787475586,28679.81,65.47403,-2.6415065448219495,0.10864721327610444,0.9499304589707926,513.8002843639073,68.86120332987777
128636149760.0,2.725545644760132,0.7376803159713745,3.2155425548553467,-452.07861328125,-230.37521362304688,2163,125,325,461,1.1115309000015259,169323.609375,-1,18636.9921875,2859.36474609375,19307.12890625,3.4668333530426025,3.4548370838165283,51.39179611206055,31.705089569091797,21.515981674194336,21.515981674194336,31.705089569091797,33.910728454589844,19307.129,31.70509,-2.784587341980271,0.12985395230961636,0.9334677419354839,372.56194141792616,54.534482259173124
300457099264.0,3.024956703186035,0.4657476544380188,6.03794527053833,82.89574432373047,550.5709228515625,2786,137,411,283,0.9455208778381348,147123.875,-1,22642.69140625,2980.939697265625,23536.0234375,3.350897789001465,3.6127381324768066,79.23042297363281,50.37196731567383,36.028568267822266,34.80242156982422,51.59811019897461,53.10667419433594,23536.023,50.371967,-2.6695433127942847,0.06282211500760232,0.9047619047619045,622.696216534144,54.90484942084348
230207143936.0,3.024956703186035,0.46581247448921204,2.0613255500793457,-155.0799560546875,488.5773010253906,2565,143,371,362,0.9044374823570251,159069.390625,-1,22866.939453125,3216.041015625,23773.265625,3.382164239883423,3.4821977615356445,58.85211944580078,37.68027877807617,25.40591812133789,25.40591812133789,37.68027877807617,38.84027862548828,23773.266,37.68028,-2.7999735830341157,0.09263917035633591,0.9234828496042218,507.9971972843247,51.83139932689077
102210232320.0,3.096543073654175,0.3185911774635315,3.545896530151367,255.68885803222656,-455.1928405761719,1258,124,460,339,0.9483672976493835,87870.2421875,-1,7670.3740234375,1554.750244140625,8078.21728515625,3.0568246841430664,3.160280466079712,27.332792282104492,19.322263717651367,9.420905113220215,8.387810707092285,20.355356216430664,20.9420223236084,8078.2173,19.322264,-2.62125527763399,0.17627987727999872,0.9178470254957507,250.01515009505243,44.6401518419583
506790674432.0,2.55139422416687,0.8719890713691711,0.9188135862350464,547.0027465820312,72.41593170166016,7621,147,495,457,0.9657152891159058,536088.1875,-1,65853.21875,10432.3583984375,69339.3203125,4.169262886047363,4.261172771453857,280.0150451660156,58.333595275878906,69.17230987548828,35.763755798339844,91.74214172363281,95.22834014892578,69339.32,58.333595,-3.075060091601662,0.0527,0.9254901960784314,1352.1399162348996,83.9026859303372
141500563456.0,3.0554463863372803,0.3151355981826782,1.6554906368255615,-122.77153015136719,250.2954559326172,1977,116,551,423,1.0873857736587524,140608.296875,-1,14596.765625,2144.217041015625,15356.78515625,3.1887366771698,3.3067171573638916,38.121986389160156,22.448482513427734,16.94603157043457,15.728694915771484,23.66581916809082,23.66581916809082,15356.785,22.448483,-2.835111385222458,0.21987537508630323,0.9402985074626864,277.22294186492854,51.627917051560566
278478290944.0,2.801025867462158,0.7402890920639038,2.6170554161071777,-359.595458984375,228.2036590576172,5519,151,494,620,1.0311435461044312,273314.96875,-1,35600.875,7606.38330078125,38135.6875,3.871901035308838,3.779280424118042,117.2215576171875,50.59281539916992,41.78778076171875,32.22037887573242,60.16021728515625,60.16021728515625,38135.688,50.592815,-2.8772418739420944,0.0676,0.9515151515151515,761.7194716058342,71.62346736797376
101511798784.0,3.0207340717315674,0.5781326293945312,1.2309619188308716,-418.47149658203125,-396.7734680175781,1087,107,248,262,1.0321874618530273,50464.26171875,-1,4893.75244140625,1140.312255859375,5229.6904296875,2.9911601543426514,3.2223758697509766,32.79658889770508,10.318922996520996,7.087368965148926,7.087368965148926,10.318922996520996,10.318922996520996,5229.6904,10.318923,-2.7048374013627665,0.1039632546906917,0.8986928104575164,244.50911311252108,51.18840886500465
106897465344.0,3.0791425704956055,0.35778674483299255,0.8098860383033752,-205.5505828857422,-76.8244857788086,1686,117,493,374,1.1089613437652588,86087.09375,-1,9254.7001953125,1686.6561279296875,9717.0966796875,3.095658540725708,3.2314717769622803,32.14039611816406,22.621143341064453,12.453514099121094,12.453514099121094,22.621143341064453,22.621143341064453,9717.097,22.621143,-2.633020052180337,0.22711212302392103,0.9303944315545238,243.9587587946393,48.508872813436454
114066186240.0,2.703906774520874,0.7806032299995422,4.311610221862793,-221.37704467773438,-127.77357482910156,2539,111,414,585,1.0231688022613525,116806.7265625,-1,19903.666015625,3272.227783203125,20944.05859375,3.564297914505005,3.4938509464263916,54.09095001220703,22.039405822753906,18.09501838684082,12.21363353729248,27.920791625976562,27.920791625976562,20944.059,22.039406,-2.977858991812826,0.18832237059659673,0.9458646616541353,333.75327113509485,63.547542114417034
194137260032.0,2.9475228786468506,0.5899174213409424,5.846123695373535,-108.91394805908203,571.6642456054688,1622,136,324,269,1.0000872611999512,91287.7421875,-1,8310.8515625,1924.2821044921875,8974.625,3.2115087509155273,3.494462490081787,62.477027893066406,17.17112922668457,12.519229888916016,11.291936874389648,18.398420333862305,19.025087356567383,8974.625,17.17113,-2.7182149250049186,0.09729227310952955,0.9024390243902439,414.50977043341857,60.23391349573948
278046572544.0,2.6457226276397705,0.8343213796615601,1.8362112045288086,119.79731750488281,205.96224975585938,5843,148,496,605,0.9784143567085266,410176.28125,-1,36540.19921875,6611.58642578125,39304.18359375,3.9212656021118164,3.9090564250946045,135.6250457763672,76.10716247558594,61.34223175048828,51.0083122253418,86.44108581542969,86.44108581542969,39304.184,76.10716,-2.7130126788073,0.08188329704255046,0.9449275362318841,717.0569694758358,76.42490107046315
160944799744.0,3.1798694133758545,0.053065501153469086,5.679615020751953,-431.9640197753906,196.842041015625,1748,106,512,364,0.9939529895782471,116882.453125,-1,10719.208984375,2266.4990234375,11387.6982421875,3.1953024864196777,3.317079782485962,36.757591247558594,28.776290893554688,9.87901782989502,7.317413330078125,31.3378963470459,31.3378963470459,11387.698,28.77629,-2.5973996262088725,0.19033560898674767,0.9306666666666666,338.4979375834691,48.11383142327825
188480765952.0,3.0791425704956055,0.35709449648857117,4.344846248626709,-337.0492248535156,-415.3922119140625,1791,102,380,312,0.9433816075325012,146432.375,-1,12819.349609375,2040.356201171875,13406.1962890625,3.1739273071289062,3.376032829284668,44.58958435058594,35.08211135864258,18.977479934692383,18.977479934692383,35.08211135864258,35.08211135864258,13406.196,35.08211,-2.5822186131910048,0.12720894370738506,0.9222972972972973,392.07850515280376,45.89156927938886
124724330496.0,2.989342212677002,0.5203999876976013,3.609689712524414,-196.33570861816406,512.9609985351562,1404,113,340,311,1.1338573694229126,71316.3671875,-1,14604.3603515625,1711.29052734375,15085.5322265625,3.137578010559082,3.303124189376831,39.68825149536133,21.89522933959961,17.224206924438477,16.571701049804688,22.5477352142334,23.321067810058594,15085.532,21.89523,-2.838209154911681,0.13938796362782171,0.9121212121212121,306.76625239032705,46.373283617920535
137149382656.0,2.733924627304077,0.7654522061347961,4.223387241363525,-576.0598754882812,-149.7467041015625,1261,111,245,288,1.1654752492904663,78051.3046875,-1,9144.8564453125,1438.2371826171875,9644.291015625,3.2100300788879395,3.415302038192749,46.449527740478516,18.464651107788086,15.616389274597168,13.286466598510742,20.794574737548828,21.50124168395996,9644.291,18.464651,-2.717926848666599,0.09260795097428944,0.8909090909090911,321.81610672916196,72.26761362943897
224510263296.0,2.9310519695281982,0.6557259559631348,3.22080659866333,259.9867858886719,-471.0278625488281,3279,114,473,408,0.9923083782196045,265944.46875,-1,24671.173828125,4679.892578125,26039.37890625,3.610588312149048,3.6653268337249756,92.6871337890625,53.212310791015625,42.065956115722656,32.90098571777344,62.377281188964844,63.63184356689453,26039.379,53.21231,-2.6896176860819305,0.0650467178915646,0.9269911504424779,699.3088898405739,60.587744634270685
126481481728.0,3.1223647594451904,0.18617305159568787,0.9737842082977295,-218.1447296142578,272.89263916015625,1905,133,671,453,1.0385204553604126,100950.546875,-1,9662.9521484375,2097.447998046875,10378.478515625,3.168281316757202,3.281791925430298,34.00086212158203,23.29222869873047,11.267268180847168,10.2247953414917,24.334699630737305,24.334699630737305,10378.479,23.292229,-2.6489207804375865,0.20066545538638972,0.9421487603305784,264.521877096796,51.00854070867848
131479314432.0,2.783104419708252,0.7300686836242676,2.8076326847076416,-477.36029052734375,-123.44627380371094,2376,141,348,501,1.1149811744689941,158575.890625,-1,17108.03515625,3184.42236328125,18079.353515625,3.504619836807251,3.476402997970581,56.499324798583984,30.529682159423828,24.293973922729492,20.548938751220703,34.274715423583984,34.274715423583984,18079.354,30.529682,-2.7724591913783203,0.14199606023628308,0.9358974358974359,399.08100070718757,59.505495823439524
221964599296.0,3.096543073654175,0.3170047700405121,0.4473479688167572,-344.76556396484375,-370.5989074707031,1817,127,347,311,1.0342705249786377,127683.1640625,-1,12175.8701171875,2057.62890625,12692.376953125,3.171995162963867,3.3072471618652344,38.167762756347656,17.095537185668945,12.383099555969238,11.650822639465332,17.82781410217285,17.82781410217285,12692.377,17.095537,-2.870657669423731,0.14548727378045012,0.9161073825503355,395.85313325156864,45.9030394898482
144551313408.0,3.1610987186431885,0.2528027594089508,3.7917542457580566,-17.087221145629883,-490.3963928222656,1871,128,519,381,0.972011387348175,115679.125,-1,10405.958984375,2317.00390625,11037.3623046875,3.2141597270965576,3.337872266769409,38.483150482177734,26.550369262695312,11.798019409179688,10.633438110351562,27.714950561523438,27.714950561523438,11037.362,26.55037,-2.6187930972651134,0.19078813108824225,0.9338422391857505,323.174575975067,47.08640736138311
122705403904.0,3.064518451690674,0.5122043490409851,2.4307472705841064,28.833393096923828,-393.4869079589844,1897,115,479,493,0.96751868724823,112789.9296875,-1,9895.830078125,2005.86962890625,10680.5751953125,3.2004435062408447,3.2523109912872314,34.70033645629883,19.769166946411133,19.5167293548584,17.398109436035156,21.887786865234375,21.887786865234375,10680.575,19.769167,-2.732604076193024,0.24747211744033296,0.9449715370018977,258.7230682038645,53.69415326102408
206863646720.0,2.9487810134887695,0.5208390951156616,4.12587833404541,-296.0487365722656,-190.0028076171875,2902,137,507,513,1.0629647970199585,208521.59375,-1,20527.869140625,3746.99609375,21812.873046875,3.460340738296509,3.4896609783172607,61.48381805419922,48.88719940185547,31.572404861450195,29.323129653930664,51.136474609375,52.26980972290039,21812.873,48.8872,-2.6495168247999534,0.16080803070001007,0.944547134935305,418.19256366310236,59.241316453608036
180416348160.0,2.850343704223633,0.7027788758277893,6.075762748718262,197.06179809570312,-317.86956787109375,3277,157,466,628,1.02078115940094,159818.5625,-1,24536.4140625,4081.6796875,26253.408203125,3.585292339324951,3.5655508041381836,70.48236846923828,85.85318756103516,45.515499114990234,45.515499114990234,85.85318756103516,89.99873352050781,26253.408,85.85319,-2.4854287611162014,0.09323863917413919,0.9523099850968704,442.9819756282311,67.34023141572494
192590331904.0,3.1126561164855957,0.41493839025497437,1.6937789916992188,19.892675399780273,-590.2003173828125,1336,118,275,246,1.075429081916809,36654.20703125,-1,13499.267578125,1586.7078857421875,14030.1865234375,3.0802366733551025,3.3908298015594482,46.10353469848633,7.197480201721191,4.577105522155762,4.577105522155762,7.197480201721191,9.104146957397461,14030.187,7.19748,-3.2898769319022914,0.07766479141625846,0.9,361.7582535850026,62.77656598367986
134356860928.0,2.9426300525665283,0.53276526927948,6.183417797088623,404.67462158203125,134.1189727783203,1900,123,433,471,0.9482134580612183,122519.140625,-1,10532.962890625,2142.94384765625,11258.6904296875,3.234158754348755,3.2468326091766357,34.74976348876953,17.053699493408203,10.94895076751709,8.889311790466309,19.113338470458984,19.113338470458984,11258.69,17.0537,-2.819666725335429,0.19784000254755962,0.9439834024896265,278.2594374633744,52.497280782002996
889790726144.0,2.9383647441864014,0.6130396127700806,4.687560558319092,158.4989013671875,391.65509033203125,7314,199,557,546,0.9576641917228699,625080.4375,-1,79072.5234375,18469.97265625,85098.0703125,4.153053283691406,4.163614749908447,301.7114562988281,316.8008728027344,173.51011657714844,145.21469116210938,345.0963134765625,352.39208984375,85098.07,316.80087,-2.4291332056056127,0.0602,0.9477351916376306,1725.6837010471802,82.29955247471042
246099230720.0,2.9449987411499023,0.5703135132789612,1.0946710109710693,488.0614929199219,-327.47259521484375,1906,113,325,247,0.9868452548980713,76426.984375,-1,6607.8544921875,2343.84033203125,7382.55615234375,3.284626007080078,3.5706045627593994,74.25309753417969,24.846811294555664,25.310958862304688,21.032062530517578,29.125707626342773,31.685707092285156,7382.556,24.846811,-2.472934349406082,0.043270498255967904,0.8973384030418251,537.0905945145258,64.92972742697968
139519623168.0,2.935960531234741,0.6066862940788269,1.295682668685913,290.167236328125,321.8687438964844,2027,166,392,498,0.9888531565666199,114463.7265625,-1,20261.955078125,2537.93017578125,21079.142578125,3.332974672317505,3.309786558151245,40.11236572265625,50.590660095214844,25.70494270324707,25.70494270324707,50.590660095214844,51.75065994262695,21079.143,50.59066,-2.6197817369335454,0.20417027981153152,0.9431372549019608,306.00182648264513,55.25585820085603
293655379968.0,2.541806221008301,0.8451845049858093,0.5523130893707275,-364.4133605957031,349.3201599121094,5179,151,486,494,0.9921558499336243,293435.90625,-1,36534.43359375,6807.93701171875,38577.11328125,3.949439764022827,3.931575059890747,131.30889892578125,78.73746490478516,68.29752349853516,53.49703598022461,93.5379638671875,96.54475402832031,38577.113,78.737465,-2.69014774698756,0.0532,0.931297709923664,858.5360325385109,67.6977261572681
403980419072.0,2.728259325027466,0.7861824631690979,5.316159725189209,-252.13357543945312,-392.25604248046875,7783,177,591,536,0.9989739656448364,464480.65625,-1,52491.421875,10560.8681640625,55622.7421875,4.052796840667725,3.972299337387085,185.5433807373047,132.57901000976562,121.6594467163086,105.77398681640625,148.46446228027344,152.13491821289062,55622.742,132.57901,-2.6227772963508875,0.0585,0.9437609841827768,1151.9041481891925,73.76676872428874
167993212928.0,2.7056527137756348,0.789421558380127,4.990558624267578,200.9414825439453,23.648101806640625,2578,138,386,430,0.9835513234138489,190932.734375,-1,17689.875,2270.736328125,18568.6953125,3.423701524734497,3.5185325145721436,57.66917037963867,33.913551330566406,21.14542579650879,13.508302688598633,41.55067825317383,42.68132400512695,18568.695,33.91355,-2.738406839257113,0.12015721695245284,0.9267326732673267,338.61075717163703,60.79003499725629
622622212096.0,2.9944264888763428,0.5583462715148926,5.250560283660889,301.1213073730469,214.07968139648438,7230,166,671,545,0.9260515570640564,536497.125,-1,53916.796875,11426.34765625,57873.10546875,3.9321744441986084,3.990204334259033,195.21990966796875,127.3512191772461,103.862548828125,101.68940734863281,129.52435302734375,133.81199645996094,57873.105,127.35122,-2.6574733392233663,0.056,0.9499999999999998,1245.5091220897866,72.26867742667908
370202673152.0,3.096543073654175,0.31846246123313904,0.9076536297798157,-216.50750732421875,20.0557918548584,4552,131,627,388,1.0312683582305908,182599.5,-1,27025.455078125,4505.14794921875,28762.9921875,3.4947824478149414,3.698155164718628,91.77787780761719,34.87833023071289,36.55833053588867,34.87833023071289,36.55833053588867,36.92576599121094,28762.992,34.87833,-2.9162771328534447,0.09316061999192218,0.9325301204819277,664.626790861164,62.500684130964636
216811175936.0,2.976458787918091,0.5503157377243042,3.700483798980713,-352.28851318359375,-458.8800964355469,1760,119,295,255,0.9827851057052612,84818.6171875,-1,7474.6953125,2392.953369140625,8179.15966796875,3.2856409549713135,3.4991579055786133,62.86267852783203,10.797335624694824,4.903502464294434,3.6771492958068848,12.023688316345215,12.023688316345215,8179.1597,10.797336,-2.8793880628502952,0.08719051170108628,0.9010600706713779,478.44498365572764,57.43624856090235
137527820288.0,3.073894500732422,0.4105784296989441,2.9090020656585693,469.4378662109375,-75.57331085205078,1734,123,445,428,1.1518422365188599,55229.25390625,-1,12295.1083984375,1839.8863525390625,12933.9736328125,3.1403448581695557,3.202659845352173,30.102371215820312,20.71711540222168,12.791868209838867,11.460716247558594,22.048267364501953,22.048267364501953,12933.974,20.717115,-2.7954005897192236,0.24214694605007955,0.9359823399558498,245.4565964616953,51.95466173584946
106456711168.0,3.023083448410034,0.5001813173294067,3.514669418334961,449.5943603515625,-288.1577453613281,1200,120,362,318,0.9246949553489685,92292.0078125,-1,7897.2138671875,1285.8118896484375,8238.875,3.0138514041900635,3.135359287261963,26.460617065429688,4.700160503387451,2.046189546585083,1.139522910118103,5.606827259063721,5.606827259063721,8238.875,4.7001605,-3.2437459852186166,0.1692842433281388,0.9126506024096387,230.33906560720305,43.57486517433982
149851013120.0,2.9091339111328125,0.5989022254943848,4.290278911590576,309.1286926269531,-457.2864990234375,1949,129,380,353,1.0023826360702515,149142.953125,-1,14063.28515625,2197.829345703125,14735.59765625,3.270181655883789,3.426022529602051,53.03902816772461,15.600682258605957,9.898157119750977,8.191282272338867,17.30755615234375,17.30755615234375,14735.598,15.600682,-2.9752213795391844,0.07730570219644929,0.9182058047493407,403.40293877606916,52.22419655702769
254495899648.0,3.127436876296997,0.2650308907032013,1.7264862060546875,162.19744873046875,178.68104553222656,2898,125,536,363,0.9890979528427124,176191.53125,-1,16071.890625,3103.669677734375,16928.779296875,3.3356072902679443,3.4897711277008057,53.73393630981445,41.13179397583008,16.649023056030273,16.649023056030273,41.13179397583008,41.13179397583008,16928.78,41.131794,-2.6144469353929884,0.12498049795072984,0.9296875,451.9721573820783,51.984473054891886
762131972096.0,2.579185724258423,0.8656109571456909,5.8415021896362305,-114.46416473388672,-459.7825622558594,8591,194,600,569,0.9950538277626038,742140.6875,-1,77328.6796875,18759.2109375,82823.3828125,4.39972448348999,4.330030918121338,343.1490478515625,257.6287536621094,232.23118591308594,197.50662231445312,292.3533020019531,303.6871337890625,82823.38,257.62875,-2.507158463620899,0.0617,0.9451114922813034,1855.7219248856702,85.79329332547637
729061130240.0,3.0638794898986816,0.38185203075408936,2.805863380432129,540.953857421875,220.919189453125,2808,169,286,232,1.022759199142456,198732.734375,-1,18185.638671875,3920.6162109375,19847.55078125,3.4466824531555176,3.8929550647735596,141.30874633789062,100.55050659179688,107.1499252319336,72.30998992919922,135.3904266357422,144.2206268310547,19847.55,100.55051,-2.2953222268788904,0.0241,0.8893617021276595,1065.6769292763242,69.42102976872793
639772590080.0,2.936788320541382,0.5680094957351685,6.041832447052002,6.7831854820251465,-343.0359191894531,7187,162,641,548,0.9117682576179504,574266.4375,-1,56496.73046875,11966.86328125,60278.35546875,3.954883337020874,3.9930880069732666,196.5082550048828,199.99221801757812,77.74003601074219,65.69059753417969,212.04168701171875,214.46835327148438,60278.355,199.99222,-2.4791480811278257,0.0555,0.9506641366223909,1332.4179404901072,72.29238087272381
444148416512.0,2.9470157623291016,0.6181488633155823,5.7557830810546875,-110.76525115966797,-543.4601440429688,4624,140,373,328,0.968917965888977,332800.15625,-1,39674.18359375,5394.40087890625,41431.140625,3.6488640308380127,3.8495655059814453,144.94064331054688,32.322837829589844,24.217546463012695,22.445653915405273,34.094730377197266,34.094730377197266,41431.14,32.322838,-3.1078160629673373,0.038146977829377794,0.9117647058823529,929.1618997643159,63.85087594303331
160592756736.0,2.625345230102539,0.8554302453994751,1.0485467910766602,515.94189453125,266.66015625,1818,126,264,334,1.0906614065170288,141045.59375,-1,14738.3525390625,2059.927490234375,15495.3349609375,3.4734301567077637,3.7146995067596436,76.88423156738281,18.704816818237305,23.130401611328125,18.704816818237305,23.130401611328125,23.130401611328125,15495.335,18.704817,-2.918245187564634,0.071543626448296,0.9055118110236214,419.25446853817226,68.43067261325861
289047019520.0,2.928710460662842,0.6286713480949402,6.233080863952637,-566.85888671875,-34.39874267578125,2679,124,276,285,0.9789984226226807,132814.78125,-1,21834.220703125,2778.29541015625,22719.494140625,3.3810184001922607,3.5806217193603516,76.72554779052734,49.72298049926758,34.400081634521484,24.77652359008789,59.34653854370117,60.9146614074707,22719.494,49.72298,-2.659840630696848,0.037737811756735795,0.9016393442622949,587.519220589565,59.018429529330355
181725118464.0,2.885469913482666,0.6463460922241211,2.269143581390381,-215.76605224609375,-442.5193786621094,2708,131,454,465,1.001909852027893,154894.859375,-1,24193.310546875,3975.352783203125,25327.00390625,3.538032293319702,3.525587797164917,66.1898422241211,38.62033462524414,19.83443832397461,18.74480438232422,39.70996856689453,42.02996826171875,25327.004,38.620335,-2.816766660430726,0.12510427206722152,0.9372469635627532,515.0329035959343,58.073868587437744
241971871744.0,3.087076425552368,0.4456554651260376,0.4595654606819153,72.8087158203125,434.3666076660156,3235,132,552,437,0.920214831829071,239928.25,-1,20194.935546875,4226.5185546875,21337.056640625,3.489938735961914,3.536508560180664,66.61709594726562,51.44854736328125,35.25408172607422,35.25408172607422,51.44854736328125,54.26561737060547,21337.057,51.448547,-2.617760548869653,0.11132085974163944,0.9362637362637363,531.1793460276015,55.72580851817085
205372063744.0,2.729482650756836,0.7794142961502075,2.8568832874298096,-142.4164581298828,-386.9666442871094,3649,160,490,612,0.9708228707313538,231455.796875,-1,30094.69140625,5135.4208984375,31951.048828125,3.7485427856445312,3.6893115043640137,89.70555114746094,54.69313049316406,34.1738395690918,29.398757934570312,59.46821594238281,63.84163284301758,31951.049,54.69313,-2.766551542886174,0.09047987095833324,0.9522342064714946,586.4328130038886,65.9942169468036
137466216448.0,3.196063756942749,0.1773383617401123,1.2619891166687012,318.97845458984375,-22.819591522216797,1856,101,613,427,0.9288778305053711,135985.03125,-1,11500.1201171875,1829.13916015625,12164.3701171875,3.1114208698272705,3.2464778423309326,31.445072174072266,9.574189186096191,7.630426406860352,7.630426406860352,9.574189186096191,9.574189186096191,12164.37,9.574189,-3.103983084694004,0.21545891152875274,0.9370932754880694,244.4761553661053,49.301135987341475
141599506432.0,2.881542921066284,0.6563858389854431,5.767783164978027,129.1051025390625,-325.2037048339844,2332,130,424,555,0.9418660998344421,160815.515625,-1,13683.3232421875,2790.564208984375,14714.0859375,3.39813232421875,3.3773696422576904,46.19036102294922,35.39094543457031,25.849225997924805,24.878067016601562,36.36210250854492,37.37773132324219,14714.086,35.390945,-2.6188398965288364,0.10028350144686786,0.9435897435897436,321.0287030027468,59.14588750441173
145411194880.0,2.881542921066284,0.6572483777999878,1.0945889949798584,-344.0733947753906,-473.1517028808594,1383,126,211,294,0.9900319576263428,58706.5,-1,5045.7880859375,1600.1468505859375,5620.1650390625,3.169694185256958,3.387300729751587,47.32133102416992,23.36084747314453,13.82151985168457,13.82151985168457,23.36084747314453,23.36084747314453,5620.165,23.360847,-2.3812586161289877,0.10327622146225691,0.91,338.0381174644113,60.190756208932086
303651192832.0,3.1243293285369873,0.2177611142396927,6.119074821472168,-219.12637329101562,203.22958374023438,4240,152,663,445,0.9912384748458862,186330.8125,-1,26422.76953125,5171.62548828125,28079.412109375,3.541882038116455,3.6592471599578857,77.7733154296875,84.18069458007812,70.43899536132812,65.69361114501953,88.92607879638672,89.13941192626953,28079.412,84.180695,-2.523174990129158,0.0726699498750645,0.9429824561403507,645.8743454028404,57.651366184966626
237652623360.0,3.1243293285369873,0.21675759553909302,6.134280204772949,314.64422607421875,382.4188537597656,2392,114,473,350,0.9123110771179199,188199.28125,-1,15738.7880859375,3011.05908203125,16530.48828125,3.319141387939453,3.460491895675659,50.39429473876953,39.24424743652344,25.138286590576172,22.134967803955078,42.24756622314453,42.980899810791016,16530.488,39.244247,-2.624508570111179,0.09597304277004941,0.9273743016759778,471.42110241486785,49.92452002720208
183687495680.0,2.966090679168701,0.565955400466919,1.3352478742599487,-490.26824951171875,-150.80096435546875,2024,143,414,356,0.9812456965446472,108814.0078125,-1,19896.412109375,2701.634521484375,20503.11328125,3.3414111137390137,3.3844001293182373,48.05112075805664,26.181303024291992,19.58955955505371,17.53482437133789,28.236038208007812,29.729372024536133,20503.113,26.181303,-2.893826895148022,0.1174254361529161,0.9222520107238608,427.40519591490215,49.792987503175034
182269935616.0,3.118936061859131,0.22427918016910553,5.845628261566162,430.58489990234375,-179.8251190185547,1912,118,484,389,0.9232512712478638,140029.71875,-1,11719.8544921875,2488.593994140625,12373.3232421875,3.2412428855895996,3.3360579013824463,38.329471588134766,23.433855056762695,18.639379501342773,14.73337459564209,27.33985710144043,27.33985710144043,12373.323,23.433855,-2.7226407659681398,0.10636603266904454,0.931758530183727,358.07536365546747,48.06282159205891
170356572160.0,2.55139422416687,0.8690600991249084,5.8258137702941895,83.45452880859375,487.00341796875,2798,126,394,488,1.0425463914871216,187209.40625,-1,18338.728515625,3793.405029296875,19451.525390625,3.747659206390381,3.6885714530944824,72.03819274902344,43.9203987121582,32.85282516479492,29.063396453857422,47.7098274230957,48.66337966918945,19451.525,43.9204,-2.6462864015818015,0.10403536679531027,0.9302325581395348,515.7351291531044,61.274601169695714
420872650752.0,2.7373056411743164,0.7591034173965454,2.7463512420654297,-188.35922241210938,303.74298095703125,8535,182,628,658,0.983631432056427,472107.125,-1,42046.51953125,10115.7138671875,45643.9375,4.006765842437744,3.9162518978118896,165.58018493652344,126.92684936523438,102.0402603149414,97.79755401611328,131.1695556640625,148.11795043945312,45643.938,126.92685,-2.555829259925669,0.0731,0.9509803921568627,940.7081718924165,78.91505392027285
358073958400.0,2.936788320541382,0.5691120028495789,2.6544861793518066,-411.19378662109375,-79.25251007080078,6171,118,581,538,0.9710187315940857,317183.84375,-1,37328.671875,8021.396484375,40032.5390625,3.790635585784912,3.796117067337036,125.13314056396484,76.39808654785156,62.328773498535156,56.16215896606445,82.564697265625,82.564697265625,40032.54,76.39809,-2.719330086176292,0.06725199297985267,0.9471830985915493,876.4686341599344,66.61212346259066
142394998784.0,2.955125570297241,0.5746581554412842,4.723259925842285,-427.2662048339844,-161.46946716308594,2313,112,467,488,1.1114541292190552,137794.1875,-1,14745.8857421875,3206.865966796875,15843.138671875,3.415412425994873,3.4198429584503174,52.21710205078125,23.02737045288086,19.51043128967285,19.51043128967285,23.02737045288086,23.91378402709961,15843.139,23.02737,-2.83759498979663,0.1369888420790879,0.9441233140655108,419.98299713954077,57.873984301025075
430372192256.0,2.908353567123413,0.5941299796104431,6.180037975311279,-68.6756362915039,396.48797607421875,6773,147,661,530,0.9835548400878906,411448.0625,-1,36660.296875,8424.787109375,39577.3515625,3.821218967437744,3.825063705444336,136.8237762451172,70.45230865478516,47.259681701660156,44.02191162109375,73.69007873535156,73.69007873535156,39577.35,70.45231,-2.749550883190878,0.053,0.949317738791423,994.5157130987026,68.47919023964528
129231446016.0,2.976458787918091,0.5505668520927429,2.421828269958496,-248.187255859375,112.58229064941406,2221,142,441,493,1.0234581232070923,183582.375,-1,17792.34375,2680.575439453125,18695.533203125,3.332456588745117,3.351902484893799,44.51842498779297,17.75461196899414,16.742868423461914,13.678510665893555,20.8189697265625,22.8189697265625,18695.533,17.754612,-3.022424224671334,0.19253613996902136,0.9426523297491042,301.70673771053754,55.887576727997306
299265916928.0,2.9475228786468506,0.591045081615448,1.5393356084823608,-300.6903991699219,-235.06637573242188,5558,134,624,595,0.9788869619369507,332411.21875,-1,39374.62109375,6643.18701171875,41917.52734375,3.7220661640167236,3.730942726135254,109.58721160888672,63.01986312866211,39.943939208984375,37.600093841552734,65.36370849609375,65.36370849609375,41917.527,63.019863,-2.8229175115641256,0.0960173761868305,0.9519230769230773,711.6890231131628,66.9620179129872
163319873536.0,3.1160755157470703,0.24428357183933258,5.921768665313721,-116.90418243408203,360.71295166015625,1835,120,545,412,1.0660794973373413,114482.3984375,-1,11280.2783203125,1983.833984375,11920.9833984375,3.14951753616333,3.2608938217163086,32.464839935302734,20.312875747680664,12.152597427368164,12.152597427368164,20.312875747680664,20.312875747680664,11920.983,20.312876,-2.7685385331650187,0.25725692081981494,0.9362745098039215,275.68922820158724,48.17427907668518
176098492416.0,3.039947986602783,0.46186697483062744,3.8893561363220215,365.3844299316406,280.1088562011719,2520,158,462,459,1.0477584600448608,173533.09375,-1,17030.78125,3411.50048828125,18189.236328125,3.4054980278015137,3.4821393489837646,58.84425735473633,38.35859680175781,27.42901611328125,27.42901611328125,38.35859680175781,38.35859680175781,18189.236,38.358597,-2.6759506216391955,0.16447365487603188,0.9426877470355729,426.49600498202375,56.39044628361376
125068230656.0,2.990332841873169,0.5301681160926819,0.6133999228477478,-21.415491104125977,432.5484619140625,1897,145,470,479,1.1113430261611938,120196.9921875,-1,12815.6630859375,2277.02783203125,13556.759765625,3.2582874298095703,3.272209405899048,36.89675521850586,50.67782211303711,35.87667465209961,34.81339645385742,51.7411003112793,51.7411003112793,13556.76,50.677822,-2.427337100432646,0.238919169673047,0.9447852760736198,284.30694470808334,52.77876326355543
316071903232.0,3.0191919803619385,0.43966203927993774,4.851666450500488,-202.2744598388672,93.34803771972656,3479,123,479,357,0.9067603945732117,242254.46875,-1,19988.908203125,3267.68115234375,21100.29296875,3.3827004432678223,3.559861660003662,70.25636291503906,18.691932678222656,13.495832443237305,10.323857307434082,21.863908767700195,21.863908767700195,21100.293,18.691933,-3.0526319537315447,0.0847203373599326,0.9243243243243243,515.2857445440001,55.95703674427304
148515078144.0,2.9991438388824463,0.4800351560115814,0.5555776953697205,-210.6241455078125,-464.8910217285156,2001,140,375,382,0.9796221852302551,147252.015625,-1,13435.9326171875,2852.3154296875,14144.2451171875,3.3363447189331055,3.380493402481079,46.62112045288086,28.066680908203125,17.373779296875,17.373779296875,28.066680908203125,28.866680145263672,14144.245,28.06668,-2.7023871694655437,0.12360352088081676,0.927536231884058,380.3701386871714,51.11687011449458
126511792128.0,2.983272075653076,0.5467501878738403,1.5492864847183228,494.8155822753906,-106.63888549804688,1710,111,396,395,1.1332241296768188,75021.9140625,-1,15292.4775390625,2123.43310546875,15975.185546875,3.2351794242858887,3.2971339225769043,39.13167190551758,15.295181274414062,12.663505554199219,12.663505554199219,15.295181274414062,15.295181274414062,15975.186,15.295181,-3.018888443152064,0.17456515103124864,0.9308641975308642,331.5853159433103,50.69817456673659
193563656192.0,2.902372121810913,0.6419958472251892,3.974891424179077,439.7574768066406,51.33609390258789,3185,121,477,538,1.0098758935928345,189809.9375,-1,27534.25,4696.31982421875,29037.58984375,3.604224443435669,3.5682079792022705,74.49156188964844,33.159912109375,22.414899826049805,22.414899826049805,33.159912109375,33.98657989501953,29037.59,33.159912,-2.9423458860651928,0.13002353943865955,0.9453262786596122,505.1947185271072,61.46459566303259
102696321024.0,2.8001530170440674,0.6936160922050476,5.892776012420654,-54.6304817199707,272.9878234863281,1943,125,435,517,1.0012239217758179,106610.2109375,-1,9823.189453125,2316.82080078125,10546.0947265625,3.34555721282959,3.336702346801758,39.884159088134766,19.195335388183594,15.0391263961792,13.280421257019043,20.95404052734375,22.75404167175293,10546.095,19.195335,-2.739893700737504,0.2169652564736005,0.9437819420783645,257.6002524232735,56.69850436451337
254106124288.0,2.938751459121704,0.6246662139892578,3.7327442169189453,-96.55487060546875,297.36785888671875,4730,145,596,578,1.03032648563385,281410.25,-1,36475.21484375,6226.40625,38729.234375,3.711167097091675,3.7033464908599854,102.6637191772461,44.28876495361328,30.020395278930664,24.587326049804688,49.721832275390625,51.097232818603516,38729.234,44.288765,-2.94174436143469,0.10159815232921807,0.9522998296422487,641.545022964603,64.41163368282896
700942974976.0,2.62109112739563,0.8501333594322205,0.16792166233062744,-379.9895935058594,415.44415283203125,7164,169,484,415,0.971036970615387,672875.5625,-1,79348.6796875,13251.5107421875,83974.828125,4.2312846183776855,4.386674880981445,392.4648132324219,109.25373077392578,134.62474060058594,90.10619354248047,153.7722625732422,163.49673461914062,83974.83,109.25373,-2.8857124500207525,0.0474,0.9230769230769229,1770.9655973920476,91.19769342229857
787509280768.0,2.9786012172698975,0.5563095808029175,2.93709397315979,327.29974365234375,350.3518371582031,6525,192,519,455,0.9851685166358948,549977.0625,-1,59036.69921875,14402.75,63192.8046875,4.026718616485596,4.084068298339844,241.7205047607422,331.6161193847656,251.3988037109375,214.36245727539062,368.6524963378906,368.6524963378906,63192.805,331.61612,-2.280031867305045,0.0484,0.9406593406593406,1716.532747168511,73.83381469686785
144518742016.0,2.741001844406128,0.7918449640274048,0.8882025480270386,264.06195068359375,386.5858459472656,2857,119,344,578,0.9841769337654114,177614.75,-1,25981.5703125,4357.2861328125,27228.65625,3.6947786808013916,3.5995116233825684,71.13107299804688,26.124141693115234,14.208569526672363,14.208569526672363,26.124141693115234,26.124141693115234,27228.656,26.124142,-3.017982516123164,0.1183369592971114,0.9428104575163396,463.34927798467106,63.14328555245032
182221619200.0,3.1015584468841553,0.1950167566537857,3.084261178970337,-82.49713897705078,-457.2167663574219,2271,136,626,416,0.9939677119255066,146924.59375,-1,13502.5615234375,3148.735107421875,14397.5,3.3360767364501953,3.451430320739746,49.40253448486328,31.390596389770508,21.899662017822266,18.637414932250977,34.6528434753418,34.6528434753418,14397.5,31.390596,-2.661486136749438,0.13327165682897638,0.9391304347826087,376.20013797036745,52.64593125372264
144239919104.0,3.0875635147094727,0.37139466404914856,6.030134201049805,404.8099365234375,-230.61512756347656,1734,135,426,416,0.9817938208580017,70074.25,-1,16180.115234375,1725.6507568359375,16742.037109375,3.107154607772827,3.2032217979431152,30.140878677368164,25.789505004882812,24.33146095275879,17.13823890686035,32.982723236083984,32.982723236083984,16742.037,25.789505,-2.8123636097155424,0.22185879565448707,0.9383886255924171,256.06260997503114,48.804182001797756
290289713152.0,2.7883660793304443,0.764144778251648,0.18475525081157684,-239.1381072998047,5.077340126037598,5582,150,508,562,0.9214428663253784,379065.0,-1,41679.921875,6180.37353515625,43755.37109375,3.808910846710205,3.7862894535064697,119.31637573242188,49.27061080932617,48.5508918762207,37.10271072387695,60.718788146972656,63.16896057128906,43755.37,49.27061,-2.9484425437714883,0.068440920228246,0.9425087108013938,750.2287864208174,70.68206999131472
102778224640.0,2.989342212677002,0.5196786522865295,2.1254725456237793,-82.17615509033203,-545.6287231445312,1187,109,299,311,0.9737550020217896,62072.3203125,-1,14767.583984375,1247.136962890625,15141.4775390625,3.0071024894714355,3.1482250690460205,27.50864601135254,16.698381423950195,12.198296546936035,10.970151901245117,17.92652702331543,17.92652702331543,15141.478,16.698381,-2.95749127887047,0.13484579398451416,0.9096774193548387,252.70877151591344,44.60864935356108
296995028992.0,3.08540415763855,0.09290032088756561,3.3709065914154053,-308.1181945800781,375.5329284667969,3049,141,493,369,1.0827125310897827,165246.546875,-1,16840.0078125,3381.469970703125,17940.658203125,3.3608591556549072,3.5180420875549316,57.163795471191406,31.783626556396484,17.241779327392578,13.423648834228516,35.60175704956055,35.60175704956055,17940.658,31.783627,-2.751633556589848,0.09855812330731463,0.9313984168865433,507.47937512340496,52.85856456096271
275577995264.0,2.9743402004241943,0.5272576212882996,0.6739978790283203,-466.7648620605469,177.88682556152344,3106,146,427,362,0.8824177980422974,183436.875,-1,24644.39453125,3806.62841796875,25548.634765625,3.4688847064971924,3.5412962436676025,69.3549575805664,28.66930389404297,20.528385162353516,20.528385162353516,28.66930389404297,31.320682525634766,25548.635,28.669304,-2.949949034820799,0.08923803250739203,0.921832884097035,625.589975693097,52.08176229754111
111005597696.0,3.1798694133758545,0.049780961126089096,2.2333576679229736,201.8325958251953,-307.491943359375,1382,130,563,394,0.9824517965316772,65203.51171875,-1,5828.99462890625,1291.498291015625,6296.4296875,2.9637181758880615,3.0675437450408936,21.121999740600586,23.159626007080078,19.860183715820312,18.923837661743164,24.095972061157227,24.095972061157227,6296.4297,23.159626,-2.4343609408063074,0.31859918922848296,0.9375,185.2448666919426,47.021054576412695
114416205824.0,3.0191919803619385,0.43985939025878906,1.7985548973083496,91.03963470458984,164.24977111816406,1360,119,411,342,1.115360140800476,45255.48828125,-1,4634.58837890625,1047.5260009765625,5106.57763671875,2.914412021636963,3.1432368755340576,26.94959259033203,14.95602798461914,11.91958236694336,9.7388277053833,17.136781692504883,18.09678077697754,5106.5776,14.956028,-2.5333107660915197,0.24761988985048428,0.9190600522193212,182.96688026113458,55.601165426736344
253272834048.0,2.819430351257324,0.71705561876297,1.5538930892944336,-397.3481140136719,-269.1258850097656,4536,149,488,508,1.0031816959381104,272233.75,-1,35362.73046875,6710.7451171875,37112.01953125,3.8008697032928467,3.7517027854919434,111.5431900024414,61.5323371887207,51.97795867919922,48.67311096191406,64.8371810913086,64.8371810913086,37112.02,61.532337,-2.7804104710216464,0.06231801919070279,0.9390681003584229,771.9340576344302,65.03773868276697
153457442816.0,2.8836007118225098,0.648837149143219,4.451376914978027,374.74261474609375,388.6016845703125,1989,125,305,359,0.9496143460273743,148002.921875,-1,12972.095703125,2561.450927734375,13652.609375,3.3584964275360107,3.4361603260040283,53.29244613647461,12.260624885559082,9.03925895690918,6.16811466217041,15.131769180297852,16.202991485595703,13652.609,12.260625,-3.046699516932999,0.13176592751851102,0.9184210526315789,405.9670922200955,52.259841677027794
118370238464.0,2.551142692565918,0.8605315685272217,1.0935930013656616,-399.2239074707031,-120.57282257080078,2169,134,341,587,1.0473427772521973,134131.515625,-1,13019.794921875,2504.79296875,13912.68359375,3.5622847080230713,3.4944283962249756,44.21757507324219,25.3494930267334,21.6250057220459,17.403654098510742,29.570842742919922,34.518218994140625,13912.684,25.349493,-2.739439917017318,0.15774687006054947,0.9395973154362418,312.4432571810747,60.08108270795555
863543099392.0,3.067065715789795,0.32362061738967896,1.0215318202972412,-142.63792419433594,-446.2998352050781,6106,185,562,455,0.9342002272605896,594137.9375,-1,59365.08984375,12959.8271484375,63786.34375,3.9304051399230957,4.11487340927124,230.02459716796875,154.47616577148438,128.74644470214844,112.8251724243164,170.39744567871094,172.05992126464844,63786.344,154.47617,-2.6158659464995746,0.0473,0.9459459459459459,1641.6740804188905,71.85221639402859
133006565376.0,2.9470157623291016,0.6175793409347534,0.5583623051643372,179.791015625,79.96638488769531,2275,101,373,420,0.9713682532310486,149305.625,-1,13299.7275390625,2465.296875,14171.017578125,3.3262298107147217,3.415602684020996,51.73052978515625,9.87580680847168,8.22360897064209,4.872373104095459,13.227043151855469,13.227043151855469,14171.018,9.875807,-3.15682405357912,0.1081239133270102,0.9306722689075633,341.5578659786787,55.41424539002623
255431491584.0,2.8753554821014404,0.6634045243263245,4.687351703643799,272.00567626953125,-78.46333312988281,4356,154,594,538,1.046330451965332,224789.21875,-1,21878.24609375,4948.6806640625,23797.37109375,3.638171434402466,3.6407687664031982,87.37667083740234,182.7706756591797,27.798418045043945,23.39208984375,187.17701721191406,189.62754821777344,23797.371,182.77068,-2.114622228060879,0.1102886660061127,0.9484193011647255,541.6595074139574,67.76504004925383
105282609152.0,2.8999218940734863,0.6310781240463257,5.770604610443115,218.189208984375,362.712646484375,1911,135,496,522,0.9901763200759888,128828.1015625,-1,11694.4384765625,2401.9853515625,12493.005859375,3.322354555130005,3.3114981651306152,40.27815246582031,17.47909927368164,16.897977828979492,16.897977828979492,17.47909927368164,18.36480140686035,12493.006,17.4791,-2.85414541004543,0.22781921136830383,0.9462962962962963,282.3353614820553,53.28501743503877
394911580160.0,2.908806324005127,0.6611130237579346,5.861440181732178,205.14962768554688,-300.1962585449219,7239,150,615,616,1.0022746324539185,328493.53125,-1,39245.140625,8228.91015625,42486.0,3.846128463745117,3.8239471912384033,135.44749450683594,77.9546127319336,50.83204650878906,47.20811462402344,81.57854461669922,82.49854278564453,42486.0,77.95461,-2.7364034692915977,0.0668,0.950920245398773,845.7386453228884,73.7503470354776
215501766656.0,2.876788854598999,0.6433578133583069,1.1034200191497803,-456.320556640625,-283.9295349121094,3058,133,371,396,1.0281492471694946,200224.046875,-1,28484.224609375,4241.05419921875,29802.32421875,3.562999963760376,3.6593093872070312,92.4942855834961,30.144851684570312,23.545719146728516,19.066680908203125,34.62388610839844,34.62388610839844,29802.324,30.144852,-2.9950355429558386,0.07743999534576672,0.927400468384075,621.8692206352994,59.898242215637076
119551893504.0,3.1022801399230957,0.41963547468185425,0.30570757389068604,-101.1779556274414,-529.1881713867188,1294,129,318,306,0.9654940962791443,69090.3359375,-1,15371.0185546875,1196.4248046875,15706.9423828125,2.964933156967163,3.1794278621673584,28.551734924316406,21.473316192626953,18.206405639648438,16.740009307861328,22.93971061706543,22.93971061706543,15706.942,21.473316,-2.8641905090585094,0.19127763156245361,0.9153094462540715,249.23412152321865,41.699080233961844
197494702080.0,2.9933602809906006,0.5037062764167786,4.558192729949951,-313.01690673828125,-425.48284912109375,2040,138,344,340,1.1165791749954224,147190.96875,-1,15861.6962890625,2847.8115234375,16597.6171875,3.3422067165374756,3.44881534576416,54.526519775390625,81.96212768554688,53.13579559326172,41.923885345458984,93.17403411865234,94.12069702148438,16597.617,81.96213,-2.306431989906294,0.10715318361789808,0.9166666666666666,459.0919601325346,50.64867796808398
117310636032.0,3.1798694133758545,0.05148882418870926,4.1416730880737305,-521.2330932617188,-143.80569458007812,1407,134,458,307,1.0167604684829712,84871.015625,-1,8082.53173828125,1450.52294921875,8558.8076171875,3.0115468502044678,3.2840230464935303,34.16899871826172,16.41488265991211,2.5802688598632812,1.1447628736495972,17.85038948059082,17.85038948059082,8558.808,16.414883,-2.7171728362244507,0.19723972084212654,0.9207317073170732,258.5195180002718,44.80488416697221
207685582848.0,2.819430351257324,0.7181018590927124,3.4892702102661133,-100.79060363769531,474.1378173828125,2727,133,409,465,1.0807970762252808,199594.890625,-1,20642.021484375,3767.689697265625,21818.755859375,3.564065456390381,3.5412280559539795,66.36121368408203,34.59092330932617,24.675729751586914,21.2825927734375,37.98405838012695,40.75828552246094,21818.756,34.590923,-2.799866572810243,0.11463705701072069,0.9364754098360657,530.8291661132296,59.02142293759811
200335048704.0,3.0967602729797363,0.4733981192111969,3.5672383308410645,265.2879943847656,-243.1953582763672,2883,147,633,521,1.0423564910888672,187462.375,-1,18015.916015625,3717.96728515625,19428.75390625,3.443751573562622,3.5096092224121094,62.653533935546875,55.313236236572266,36.78860092163086,30.886760711669922,61.21507263183594,61.21507263183594,19428.754,55.313236,-2.5456150935014366,0.1576805307679747,0.9500924214417745,444.3273431060012,59.09048487724924
122538844160.0,2.938751459121704,0.6262490153312683,0.5395662784576416,89.21661376953125,-451.0802307128906,2021,112,400,469,1.080797553062439,110706.6875,-1,11345.603515625,2304.130126953125,12088.5390625,3.302737236022949,3.2961947917938232,38.819427490234375,27.513336181640625,13.340283393859863,13.340283393859863,27.513336181640625,27.513336181640625,12088.539,27.513336,-2.6428289849285314,0.15044768971161301,0.9406130268199234,290.1702558336106,54.51696332101101
300899762176.0,2.881542921066284,0.6580685377120972,4.630026817321777,-491.1907653808594,245.38934326171875,4196,149,444,368,1.0356522798538208,290042.09375,-1,28350.060546875,5509.68505859375,30075.314453125,3.679168939590454,3.8028206825256348,128.7960968017578,54.38258743286133,56.389244079589844,43.02306365966797,67.748779296875,68.95409393310547,30075.314,54.382587,-2.7427495114704037,0.06017110013850077,0.9209876543209878,806.9496433308203,65.58361904726422
255273648128.0,3.064518451690674,0.5143567323684692,1.8651776313781738,-17.220149993896484,276.6615905761719,4427,138,547,505,0.994459331035614,263432.84375,-1,24281.765625,6138.82080078125,25939.904296875,3.661566972732544,3.665825366973877,89.36592864990234,40.129722595214844,33.76524353027344,25.172719955444336,48.72224044799805,52.68882751464844,25939.904,40.129723,-2.8105011296362385,0.08135824265711195,0.9463327370304114,609.9280219151792,63.67932076817945
107691327488.0,3.085073471069336,0.34141871333122253,3.8812649250030518,-214.92056274414062,-162.9163818359375,1617,129,532,419,0.9853764176368713,86505.0703125,-1,7810.64697265625,1841.4422607421875,8381.01953125,3.1294641494750977,3.17936110496521,28.54738998413086,18.54540252685547,11.176512718200684,11.176512718200684,18.54540252685547,18.54540252685547,8381.02,18.545403,-2.6550582468558943,0.27460190264650336,0.9379157427937915,237.97433453502316,49.3923641961505
118851829760.0,2.876788854598999,0.6443705558776855,1.1063728332519531,8.98349666595459,237.49920654296875,1932,126,373,468,1.0303938388824463,107169.6875,-1,10232.8935546875,2035.3641357421875,10939.6474609375,3.261342763900757,3.298516035079956,38.10160827636719,17.6899356842041,15.144845962524414,13.540925979614258,19.293855667114258,20.280521392822266,10939.647,17.689936,-2.791274617762898,0.19786452134393986,0.938223938223938,262.28429514405707,53.941288017038275
118844219392.0,2.902372121810913,0.6423197388648987,4.601170063018799,-114.9735336303711,-145.96636962890625,1876,110,362,408,0.9203567504882812,90336.1640625,-1,17390.361328125,1620.092529296875,18008.224609375,3.1662685871124268,3.317753553390503,40.8897705078125,20.435060501098633,17.568891525268555,16.245370864868164,21.758581161499023,23.994409561157227,18008.225,20.43506,-2.9450928457264016,0.20899146803316188,0.9285714285714285,217.56238490220215,55.8579675833347
143712354304.0,2.9131035804748535,0.6859363317489624,3.377580165863037,12.549971580505371,409.7503967285156,2490,145,450,553,1.0121029615402222,116328.8515625,-1,20510.861328125,3403.66650390625,21680.755859375,3.4985949993133545,3.4357311725616455,53.2369384765625,32.524017333984375,28.749330520629883,25.828086853027344,35.44525909423828,35.44525909423828,21680.756,32.524017,-2.823868899846787,0.20695702193026547,0.9489795918367349,367.5220157895019,59.734537649683766
103160758272.0,2.9523403644561768,0.5815967321395874,4.562926769256592,112.9089584350586,-405.22296142578125,1613,106,395,479,0.9843728542327881,82121.3359375,-1,7266.958984375,1820.655029296875,7910.61083984375,3.185201644897461,3.1847734451293945,30.001399993896484,13.635262489318848,7.341878414154053,5.941878318786621,15.035262107849121,15.90546703338623,7910.611,13.6352625,-2.763543332116692,0.18844337510897893,0.9344262295081965,248.10126580839903,51.46699955630604
102526500864.0,2.7039456367492676,0.7757989168167114,4.466454982757568,268.6423034667969,-258.3718566894531,2310,149,428,644,1.0049779415130615,112571.4609375,-1,20020.333984375,2708.39892578125,21119.751953125,3.4812848567962646,3.438291311264038,46.818782806396484,33.20016098022461,24.774030685424805,21.69914436340332,36.27504348754883,37.32837677001953,21119.752,33.20016,-2.803547315583413,0.11922559988968176,0.9527326440177254,290.8783928238386,61.9047532044822
167903232000.0,2.5728161334991455,0.8514024615287781,5.843534469604492,-370.862060546875,396.10723876953125,2352,115,274,419,1.1351274251937866,152714.484375,-1,17047.791015625,2733.00048828125,17968.55859375,3.5833823680877686,3.647935628890991,65.0835952758789,16.738645553588867,14.934479713439941,14.189044952392578,17.484081268310547,20.711149215698242,17968.559,16.738646,-3.0307903324792997,0.07929001047636625,0.9234042553191489,453.15695742049746,62.02717336116327
365347373056.0,2.729482650756836,0.7797806859016418,0.7526543736457825,-152.35211181640625,516.04833984375,6052,137,496,419,0.9898351430892944,385611.15625,-1,44100.95703125,7367.12841796875,46244.09375,3.8974955081939697,3.9494686126708984,175.0198516845703,99.39219665527344,40.51462173461914,27.476987838745117,112.4298324584961,120.55462646484375,46244.094,99.3922,-2.667703547005284,0.0462,0.9235955056179773,1039.6220168095442,68.16094867616162
147277381632.0,3.096831798553467,0.19027698040008545,1.3915873765945435,263.7922058105469,224.50357055664062,1781,132,564,416,1.0656083822250366,103780.6953125,-1,10274.7626953125,1897.291015625,10899.955078125,3.12724232673645,3.2429864406585693,31.20285415649414,20.54025650024414,10.28466510772705,9.542229652404785,21.282691955566406,21.282691955566406,10899.955,20.540257,-2.724816731110729,0.2314010779342537,0.9367681498829041,257.9951078422802,48.417505455654265
333622476800.0,2.7352993488311768,0.7717697024345398,3.211726427078247,108.61363220214844,136.93589782714844,5179,143,538,474,1.6278839111328125,30632.796875,-1,6556.1767578125,2934.437255859375,8905.3603515625,3.5100510120391846,3.5085370540618896,58.944480895996094,40.29216003417969,56.44844055175781,37.835716247558594,58.904884338378906,62.21710968017578,8905.36,40.29216,-2.3444298695991717,0.06854825052176114,0.9326241134751772,482.83307389202747,98.63739547980205
171683069952.0,2.955125570297241,0.5732107758522034,1.9362080097198486,-11.383622169494629,502.37872314453125,2439,132,384,420,0.9931266903877258,142825.828125,-1,22752.607421875,3665.657958984375,23728.607421875,3.4698784351348877,3.491870880126953,61.80200958251953,50.56189727783203,38.355224609375,37.288326263427734,51.6287956237793,51.6287956237793,23728.607,50.561897,-2.6714480302843278,0.134546823046614,0.9327548806941431,483.79739622896346,55.845700187747916
194657435648.0,3.1015584468841553,0.19739152491092682,2.262500286102295,379.91339111328125,348.2020263671875,1407,148,320,276,1.0961068868637085,126124.640625,-1,13525.33203125,1640.3690185546875,13921.33984375,3.067789077758789,3.230184316635132,30.330224990844727,29.20233154296875,21.62454605102539,19.33325958251953,31.49361801147461,32.453617095947266,13921.34,29.202332,-2.6782620209504193,0.171509486087616,0.9144981412639407,331.16405442706423,42.65017798450691
426355097600.0,2.881542921066284,0.6579573154449463,0.8937795162200928,-220.4733123779297,288.0056457519531,7377,146,686,586,0.9673543572425842,392962.71875,-1,43549.52734375,9627.228515625,46920.7421875,3.908848524093628,3.8787643909454346,154.31466674804688,86.43834686279297,66.24061584472656,65.435791015625,87.24317169189453,87.24317169189453,46920.742,86.43835,-2.7346579183016932,0.0617,0.9533333333333334,970.9026449709867,71.0333988255869
193016086528.0,2.95798921585083,0.5837907791137695,3.4719855785369873,-332.7142333984375,377.50616455078125,2615,122,435,410,1.0001859664916992,212086.265625,-1,19738.318359375,4315.14990234375,20940.724609375,3.5413575172424316,3.5583407878875732,72.16365814208984,40.18178939819336,22.182743072509766,18.50179100036621,43.86274337768555,46.43607711791992,20940.725,40.18179,-2.716961351529143,0.11306725628314983,0.9325842696629213,551.3840836039764,56.44421102222353
205025673216.0,2.9944264888763428,0.5584109425544739,2.434154748916626,127.2614974975586,439.7979736328125,2733,131,442,470,0.967912495136261,237853.71875,-1,21407.08203125,4076.356201171875,22533.578125,3.5078868865966797,3.5039854049682617,63.57514572143555,50.0886344909668,21.581439971923828,20.47730255126953,51.192771911621094,51.192771911621094,22533.578,50.088634,-2.6530900999405835,0.10070173640492038,0.939271255060729,490.1359958338408,56.45765061431615
151092068352.0,3.0339910984039307,0.43580931425094604,0.8802553415298462,-468.1836242675781,156.89695739746094,1709,116,435,354,0.9497022032737732,122105.671875,-1,10592.2607421875,2142.7470703125,11128.548828125,3.208153009414673,3.274890184402466,36.55815887451172,11.063995361328125,10.027669906616211,8.175588607788086,12.916075706481934,13.649409294128418,11128.549,11.063995,-3.00252262537375,0.11313243511540809,0.9279778393351801,336.135391044581,45.6927950133358
261238947840.0,3.1243293285369873,0.2185470312833786,5.9719343185424805,475.749755859375,334.6846008300781,1848,104,353,215,0.9555040001869202,93861.8515625,-1,8094.44384765625,2063.468994140625,8719.783203125,3.163701295852661,3.5609354972839355,62.78086471557617,26.721574783325195,9.975177764892578,6.749311447143555,29.94744110107422,29.94744110107422,8719.783,26.721575,-2.5136420132557156,0.05291413278926268,0.890295358649789,481.32350174659837,56.80821439425062
226089484288.0,2.99088454246521,0.579692006111145,1.3456038236618042,365.8809814453125,-395.7740478515625,2670,136,371,347,1.0784536600112915,212717.0,-1,21975.466796875,3716.284912109375,22999.587890625,3.4781501293182373,3.58730411529541,77.19389343261719,18.301929473876953,18.967304229736328,9.609461784362793,27.659774780273438,27.659774780273438,22999.588,18.30193,-3.099220803936667,0.07394152900684821,0.9191374663072777,549.0307501702367,53.845899901579195
168926314496.0,3.024956703186035,0.46858373284339905,2.5648458003997803,-169.13235473632812,-232.11334228515625,2246,136,534,458,1.0776739120483398,137010.171875,-1,13788.076171875,2549.313720703125,14658.3994140625,3.2872042655944824,3.3598294258117676,44.459373474121094,21.772544860839844,12.752920150756836,10.840299606323242,23.685163497924805,24.894603729248047,14658.399,21.772545,-2.828175362491014,0.21546384526207862,0.9415322580645161,325.3904734240477,54.24278609432064
277107048448.0,2.7798073291778564,0.741642415523529,1.045729398727417,-362.9207458496094,-370.4848937988281,4394,154,372,440,0.9084747433662415,342846.3125,-1,36728.890625,6153.70849609375,38227.3359375,3.7858598232269287,3.7646899223327637,112.9764633178711,68.99553680419922,39.694114685058594,35.53240203857422,73.1572494506836,73.1572494506836,38227.336,68.99554,-2.7435524057190985,0.054429548054250765,0.9318681318681318,866.1725591635566,64.22311262589776
142798831616.0,2.9426300525665283,0.5328168272972107,3.7447378635406494,354.8154296875,-123.42354583740234,2242,144,539,492,1.0622868537902832,125118.453125,-1,12425.787109375,2823.634765625,13382.6962890625,3.347731590270996,3.354146957397461,44.75399398803711,25.330366134643555,17.75918197631836,16.417451858520508,26.672096252441406,29.67909049987793,13382.696,25.330366,-2.722900440253898,0.18681553425498257,0.9466911764705882,308.7292892419079,55.52213800667451
397671170048.0,2.833430290222168,0.6594177484512329,2.525299310684204,97.29513549804688,-504.1978759765625,7047,154,510,467,1.0007723569869995,431056.875,-1,39916.10546875,9984.091796875,42757.6171875,3.9247021675109863,3.9296748638153076,174.1288604736328,80.7011489868164,66.77361297607422,55.951786041259766,91.52297973632812,91.52297973632812,42757.617,80.70115,-2.7241332384779704,0.0525,0.9389763779527559,1169.5771999361552,72.40865560265064
237797163008.0,3.0709309577941895,0.23035424947738647,4.212701797485352,594.9766845703125,47.691776275634766,1320,104,306,208,1.0188637971878052,52904.47265625,-1,4798.67578125,1417.40966796875,5256.12646484375,3.0099868774414062,3.429079294204712,47.037296295166016,15.515162467956543,15.007040977478027,8.878243446350098,21.643959045410156,21.643959045410156,5256.1265,15.515162,-2.5299066791669316,0.0589111231744871,0.8866995073891626,407.0918785667807,57.51269458042591
114379685888.0,2.9091339111328125,0.599590003490448,3.107815980911255,-92.06754302978516,-417.38983154296875,1796,140,479,496,1.1468833684921265,94161.3125,-1,10509.06640625,1979.8160400390625,11295.431640625,3.2274861335754395,3.231987953186035,33.24356460571289,27.268634796142578,22.084653854370117,18.76776695251465,30.585521697998047,30.585521697998047,11295.432,27.268635,-2.6172378434001864,0.29122222080928006,0.9428571428571431,253.1423329307726,54.763939151748794
232274116608.0,2.7056527137756348,0.7891150116920471,2.3932583332061768,-190.13961791992188,444.9970703125,3984,157,433,522,0.9310596585273743,380059.09375,-1,32451.7890625,6340.35302734375,34120.46875,3.8460638523101807,3.744685173034668,103.46788024902344,94.62171173095703,87.16671752929688,75.56132507324219,106.22710418701172,106.22710418701172,34120.47,94.62171,-2.557023729650934,0.06243527121569876,0.9368231046931408,708.6291465623788,66.0552433158544
177788649472.0,2.7951223850250244,0.7265543937683105,3.236001491546631,285.4705505371094,355.229248046875,2872,127,431,533,1.0254682302474976,183580.15625,-1,17489.037109375,4064.697265625,18772.20703125,3.602158308029175,3.552854299545288,68.30069732666016,45.82789993286133,32.709163665771484,30.036296844482422,48.500770568847656,50.674034118652344,18772.207,45.8279,-2.612384431444322,0.11574858677740017,0.9436619718309859,468.5498259733552,61.85483350865597
148449951744.0,3.031198263168335,0.4694417119026184,1.8769947290420532,165.3189697265625,568.5568237304688,993,128,249,214,1.093978762626648,32640.412109375,-1,3089.7861328125,1201.105224609375,3458.09619140625,2.977604627609253,3.2704520225524902,36.185462951660156,6.867781162261963,6.340280532836914,6.340280532836914,6.867781162261963,6.867781162261963,3458.0962,6.867781,-2.7020142977871173,0.06488435221271491,0.8884120171673819,280.7718162165073,59.387682533290636
136374788096.0,2.944755792617798,0.608950138092041,2.1357014179229736,299.1005554199219,-124.07781219482422,2395,139,461,533,0.9711988568305969,167158.21875,-1,14865.611328125,2872.415771484375,15918.232421875,3.3850014209747314,3.3939177989959717,49.10810852050781,40.2450065612793,27.920881271362305,27.069242477416992,41.09664535522461,41.09664535522461,15918.232,40.245007,-2.5971817598823823,0.20110217865274713,0.9460370994940978,316.48895823581273,58.872404656843734
233128787968.0,2.767957925796509,0.7161415219306946,3.6577329635620117,274.6704406738281,-103.39566802978516,4240,146,544,561,0.9873807430267334,211428.84375,-1,28673.662109375,5279.8564453125,30495.947265625,3.7014269828796387,3.6725378036499023,91.8021011352539,33.91695022583008,19.346147537231445,13.676789283752441,39.586307525634766,39.586307525634766,30495.947,33.91695,-2.953824053436189,0.13484004143779987,0.9486356340288932,548.5573712000015,66.27902235627356
119172079616.0,2.858957290649414,0.6999979019165039,6.031279563903809,540.11328125,-7.52526330947876,1868,119,276,390,1.019428014755249,132186.6875,-1,12761.94921875,2448.521240234375,13429.494140625,3.3728854656219482,3.422454833984375,49.4022331237793,18.095521926879883,18.095521926879883,18.095521926879883,18.095521926879883,18.095521926879883,13429.494,18.095522,-2.870486140132578,0.11356742819105256,0.9229024943310657,380.26052953131904,54.12391319843592
515948478464.0,3.135408878326416,0.2953966557979584,1.529531478881836,521.1563720703125,21.95482063293457,5605,149,521,356,0.9951515197753906,388294.125,-1,35707.05859375,7387.3408203125,37966.1484375,3.6956872940063477,3.9542365074157715,147.0518798828125,80.18952941894531,69.42239379882812,55.18586349487305,94.42606353759766,94.79940032958984,37966.15,80.18953,-2.6752783349085703,0.04333723811547509,0.9293193717277486,1109.1430829779904,62.655293840622434
303685533696.0,2.9515347480773926,0.6049990057945251,4.400722503662109,233.55386352539062,-22.032363891601562,4631,173,573,476,1.1225018501281738,182317.6875,-1,29635.939453125,4421.9931640625,31398.1484375,3.560765266418457,3.6304640769958496,86.37571716308594,60.07294464111328,55.47247314453125,43.14052200317383,72.4049072265625,74.76258087158203,31398.148,60.072945,-2.718224394737489,0.09820734278058423,0.9402697495183042,583.5586835260361,65.85642028359365
122995556352.0,2.7367494106292725,0.8001540899276733,2.802523612976074,177.7766876220703,-559.3665771484375,1565,123,281,325,0.9403271675109863,92932.6796875,-1,17968.00390625,1647.164794921875,18493.810546875,3.3040993213653564,3.4629788398742676,49.922508239746094,12.445556640625,7.10959529876709,4.397048473358154,15.15810489654541,15.15810489654541,18493.81,12.445557,-3.172008589145998,0.05121537667617359,0.9042253521126761,392.37660696761077,64.49540827992791
205550485504.0,2.801025867462158,0.740105152130127,4.535284996032715,181.65048217773438,-247.97445678710938,3866,146,517,635,1.0226706266403198,265054.28125,-1,24902.72265625,5499.46875,26882.556640625,3.738219738006592,3.674842357635498,89.98404693603516,47.126224517822266,33.185760498046875,29.132030487060547,51.179954528808594,52.290279388427734,26882.557,47.126225,-2.7562069999889633,0.07387611071209434,0.9507959479015919,534.2139728181253,68.35740389848124
490068148224.0,3.1798694133758545,0.04612187668681145,3.441789388656616,-12.212874412536621,-411.8269958496094,4742,164,594,405,1.0192564725875854,281171.5625,-1,26316.236328125,5545.03662109375,27951.2265625,3.5635054111480713,3.716287136077881,88.02457427978516,98.4079360961914,66.51307678222656,54.49558639526367,110.42543029785156,111.51734161376953,27951.227,98.407936,-2.4533703056659717,0.08237735324630525,0.9373493975903613,751.0606532239497,57.872609033026066
242639126528.0,3.065032720565796,0.48858723044395447,0.5154018402099609,332.88812255859375,467.87066650390625,2123,133,316,269,1.0174551010131836,142528.6875,-1,13694.279296875,2700.59912109375,14472.7255859375,3.3161165714263916,3.5571184158325195,69.8189697265625,20.911001205444336,16.962099075317383,10.149550437927246,27.723548889160156,28.93688201904297,14472.726,20.911001,-2.8401734237015552,0.06406981466764171,0.902027027027027,529.6357857172666,58.88285647196076
129143898112.0,2.918330669403076,0.633499264717102,4.294957160949707,-425.9128723144531,-418.1754455566406,1079,109,218,233,1.2222070693969727,35693.23046875,-1,3930.716796875,1323.1748046875,4334.7099609375,3.0781662464141846,3.3116204738616943,40.290008544921875,4.819358825683594,5.226598739624023,2.6804559230804443,7.365501403808594,9.13276481628418,4334.71,4.819359,-2.9539617694840627,0.09392352008634564,0.8830645161290325,339.11100997266396,62.838939235628935
775482441728.0,2.7039456367492676,0.7750371694564819,6.187023639678955,52.65571212768555,-163.49473571777344,8814,182,611,503,0.9984052181243896,725167.75,-1,85938.5703125,17131.796875,91540.4375,4.239828109741211,4.2187676429748535,353.078125,229.62403869628906,153.28277587890625,134.80899047851562,248.09783935546875,249.81832885742188,91540.44,229.62404,-2.600595443414193,0.0611,0.9399293286219081,1715.390479136656,88.69793727288214
157553999872.0,2.55139422416687,0.8708384037017822,3.2875115871429443,-186.4944305419922,277.4268798828125,3089,143,426,643,0.9511014223098755,215512.390625,-1,18388.390625,4287.0673828125,19908.671875,3.8011341094970703,3.704591751098633,70.80306243896484,43.43995666503906,37.25975799560547,30.26152801513672,50.43818664550781,53.042236328125,19908.672,43.439957,-2.661151905733955,0.09989484381935913,0.9473684210526315,453.5280447586244,66.70500172256752
108396732416.0,2.844810962677002,0.6965980529785156,0.052092257887125015,486.2284851074219,56.105262756347656,1818,126,302,472,0.9707096815109253,126515.71875,-1,11246.4609375,2453.93505859375,11981.6767578125,3.3713436126708984,3.3571863174438477,41.97921371459961,11.961716651916504,10.559200286865234,8.326784133911133,14.194132804870605,14.194132804870605,11981.677,11.961717,-3.0007204576400843,0.1713902646646061,0.9345603271983641,336.5990870347581,53.963380787906225
792870256640.0,3.065032720565796,0.4881404936313629,1.58416748046875,-254.02476501464844,70.63656616210938,6816,142,684,456,1.0401573181152344,518092.0625,-1,49896.28125,12554.15234375,54274.5390625,3.948552131652832,4.070465564727783,221.48614501953125,67.59748077392578,53.8591194152832,38.62623596191406,82.83036804199219,82.83036804199219,54274.54,67.59748,-2.9046649904013027,0.0538,0.9444444444444442,1465.2386211435814,76.12622746081588
252441083904.0,3.0276012420654297,0.40470489859580994,0.6072215437889099,-221.17787170410156,-413.5473327636719,2953,121,450,413,0.9172413349151611,149597.359375,-1,22309.177734375,3313.574462890625,23247.96875,3.3814380168914795,3.4676930904388428,54.81541061401367,42.76389694213867,31.825469970703125,28.779544830322266,45.80982208251953,45.80982208251953,23247.969,42.763897,-2.7353067233541966,0.10202883475761461,0.9343065693430657,476.6132228025432,52.756887802702494
623113404416.0,2.908353567123413,0.5941579937934875,3.9314370155334473,127.09612274169922,297.34600830078125,7366,157,580,538,0.9363068342208862,524624.0,-1,53445.61328125,12613.224609375,57481.1953125,3.987366199493408,3.988213539123535,200.58790588378906,123.10672760009766,87.88419342041016,79.24364471435547,131.7472686767578,133.87103271484375,57481.195,123.10673,-2.669243650734252,0.057,0.9460431654676259,1315.47153788875,73.84188333985536
418350694400.0,2.881542921066284,0.6577589511871338,4.085830211639404,-452.43511962890625,148.29449462890625,7224,178,606,496,0.9912222027778625,497929.3125,-1,45749.921875,9793.6455078125,48673.29296875,3.9157862663269043,3.901589870452881,162.90904235839844,141.65478515625,108.39773559570312,92.45026397705078,157.60226440429688,159.45559692382812,48673.293,141.65479,-2.536059172891552,0.0561,0.9413919413919414,1126.0260923119272,70.2446650680596
130655969280.0,2.7430782318115234,0.797401487827301,1.3961107730865479,491.1445007324219,-29.292098999023438,2344,123,393,496,1.038254976272583,188464.734375,-1,18305.3359375,3251.080078125,19271.0859375,3.5807149410247803,3.5286073684692383,59.19607925415039,26.93490219116211,23.28301239013672,21.459253311157227,28.7586612701416,33.14227294921875,19271.086,26.934902,-2.8545891728933284,0.11564929636128843,0.9343339587242028,415.354814425856,58.48605963640236
133575180288.0,3.0638794898986816,0.3827075958251953,5.253100872039795,289.34814453125,176.85684204101562,2206,125,642,498,0.9982459545135498,93368.90625,-1,18182.142578125,2336.77783203125,19165.962890625,3.233797788619995,3.3330793380737305,40.46547317504883,30.82160758972168,20.93712615966797,16.62186622619629,35.136863708496094,35.350196838378906,19165.963,30.821608,-2.7936739470176724,0.20716316892101955,0.9501845018450185,285.5175479875172,54.53195105513739
695689936896.0,2.7722957134246826,0.7590516805648804,1.8799067735671997,-217.08509826660156,341.5970458984375,9405,202,634,663,0.9697169065475464,726868.75,-1,81750.7109375,19486.296875,88221.078125,4.276612281799316,4.1638898849487305,307.9346618652344,220.72879028320312,123.57318878173828,116.74824523925781,227.55372619628906,232.58912658691406,88221.08,220.72879,-2.6017131809915255,0.0697,0.9506726457399102,1648.7531847130901,85.42070007061416
132069433344.0,3.095675468444824,0.10323400050401688,6.267398834228516,483.8400573730469,-253.03500366210938,1496,105,437,298,1.1008481979370117,97885.40625,-1,10435.576171875,1890.9859619140625,10900.1767578125,3.121896982192993,3.346865177154541,39.253814697265625,17.801332473754883,5.165879249572754,4.117981910705566,18.84922981262207,18.84922981262207,10900.177,17.801332,-2.7869785893301446,0.12931559294339337,0.9166666666666666,302.19791499485876,45.84917026125939
152255643648.0,2.55139422416687,0.8702830076217651,0.2723732888698578,249.307373046875,-249.09803771972656,3585,129,456,710,0.9472601413726807,286566.09375,-1,24556.34375,5035.39404296875,26352.431640625,3.86639142036438,3.7596824169158936,81.36167907714844,47.603267669677734,33.36314392089844,29.923086166381836,51.04332733154297,53.602447509765625,26352.432,47.603268,-2.7431830177348466,0.077,0.9513797634691196,523.7863243937428,71.22615439496529
112405921792.0,3.0662384033203125,0.33568093180656433,1.2418196201324463,-456.2569885253906,-290.7308654785156,1297,109,385,298,0.9755879640579224,97100.7421875,-1,8880.9306640625,1342.601806640625,9287.9501953125,2.998624563217163,3.2158493995666504,31.019113540649414,23.67559242248535,11.759719848632812,10.888256072998047,24.547056198120117,24.547056198120117,9287.95,23.675592,-2.593617188627682,0.1748949181737695,0.9115853658536586,236.04354072971077,43.33929414576124
358802391040.0,2.9129602909088135,0.6165372133255005,3.3033454418182373,132.0844268798828,149.06948852539062,4589,134,450,388,0.9687548875808716,202409.328125,-1,27548.228515625,3554.51708984375,29020.466796875,3.476351261138916,3.648714303970337,90.19905853271484,41.37843322753906,24.516803741455078,22.3775634765625,43.51767349243164,44.61686706542969,29020.467,41.378433,-2.845929301948097,0.09354488020852635,0.9267734553775744,586.8678278686,62.61876145546347
103173488640.0,2.7373056411743164,0.7608140110969543,0.8494647145271301,-75.0567626953125,475.7803649902344,1832,132,376,481,1.121637225151062,88791.8515625,-1,15565.09375,2238.595458984375,16213.8916015625,3.3875489234924316,3.38096284866333,42.53936767578125,25.6868896484375,26.96772575378418,23.659400939941406,28.995214462280273,30.28668975830078,16213.892,25.68689,-2.8001740545011096,0.13575873211253164,0.9348268839103869,302.0609607733353,53.62518011945637
171070406656.0,2.8538970947265625,0.7063387632369995,4.9628586769104,308.9205017089844,-481.5120849609375,1988,115,240,328,0.9486212730407715,190378.53125,-1,16826.869140625,2671.455078125,17586.8203125,3.4134392738342285,3.5564725399017334,68.91557312011719,35.36872863769531,13.730548858642578,13.730548858642578,35.36872863769531,35.36872863769531,17586.82,35.36873,-2.6965666494757077,0.04450686143278393,0.9119318181818182,544.9123831540015,59.07706108189461
286693457920.0,3.0330846309661865,0.5059638023376465,0.43464523553848267,-83.6777114868164,151.13833618164062,3430,131,482,322,1.0008960962295532,244657.3125,-1,22758.296875,3043.793701171875,23856.640625,3.37026309967041,3.6206769943237305,80.6712417602539,36.58032989501953,21.116641998291016,12.578824996948242,45.11814880371094,45.11814880371094,23856.64,36.58033,-2.814360483402494,0.08138355198893542,0.9164265129682997,542.4091594181087,57.486315606422764
156299132928.0,2.5686094760894775,0.8440839052200317,3.1644952297210693,167.0587158203125,474.2759704589844,2542,136,394,469,1.0410939455032349,196050.609375,-1,19320.06640625,3461.456787109375,20277.947265625,3.669312000274658,3.6599631309509277,67.07130432128906,20.59156036376953,29.778179168701172,18.047229766845703,32.322509765625,36.250038146972656,20277.947,20.59156,-2.9933326228822836,0.11341105054737076,0.9338677354709419,492.5120600673834,58.23037442207019
123206688768.0,2.6340432167053223,0.8156706094741821,5.325411796569824,-209.62452697753906,38.26899337768555,2251,117,358,507,1.113202452659607,161785.71875,-1,17286.212890625,2417.54052734375,18302.037109375,3.48150634765625,3.545334815979004,54.576229095458984,12.301788330078125,16.078853607177734,12.301788330078125,16.078853607177734,16.078853607177734,18302.037,12.301788,-3.1725276511810216,0.1613515036435014,0.934819897084048,306.9455580125159,67.94587267908372
149684273152.0,2.6457226276397705,0.8339683413505554,3.6912283897399902,-117.58438110351562,-415.4351806640625,3031,138,424,631,1.1030298471450806,210874.953125,-1,21958.7890625,4149.0888671875,23475.318359375,3.728947639465332,3.657278060913086,72.37786865234375,42.08872604370117,29.48773193359375,27.289030075073242,44.28742980957031,46.55356979370117,23475.318,42.088726,-2.7464446782183987,0.18219897870364862,0.9459854014598539,412.02959974554335,65.5252108619692
167231045632.0,3.085073471069336,0.33815523982048035,5.868795394897461,158.8353729248047,-518.770751953125,1656,135,350,278,1.046867847442627,117764.3359375,-1,11548.1728515625,1934.58935546875,12047.36328125,3.1493330001831055,3.352210283279419,42.25395202636719,37.33491516113281,18.018882751464844,15.195350646972656,40.158447265625,41.63844680786133,12047.363,37.334915,-2.5087756744132754,0.09264983056074047,0.9042904290429041,370.50435572197796,46.36563432430841
177293066240.0,2.711808204650879,0.7838704586029053,2.4666049480438232,-337.8856201171875,-346.9729919433594,2967,117,440,502,0.9728567600250244,232956.046875,-1,21184.43359375,4139.71337890625,22303.642578125,3.664687156677246,3.6051502227783203,72.17632293701172,34.86473846435547,17.34075927734375,16.11416244506836,36.09133529663086,36.09133529663086,22303.643,34.86474,-2.8059881394137616,0.09052364884108373,0.9406307977736547,529.7207507509196,60.24112632111584
103613874176.0,2.836059331893921,0.7350319027900696,1.430167555809021,-481.70526123046875,318.1543273925781,1176,118,299,307,1.0209068059921265,54259.546875,-1,5099.40185546875,1199.368896484375,5513.6162109375,3.1068735122680664,3.310166835784912,37.32230758666992,8.394109725952148,8.494728088378906,7.323491096496582,9.565346717834473,10.755772590637207,5513.616,8.39411,-2.817456716983047,0.09891271216019436,0.9033232628398792,262.195008703766,58.060919848395564
346125074432.0,3.1050970554351807,0.4544505476951599,2.7450129985809326,205.85421752929688,362.9023132324219,4551,131,537,456,0.9386523365974426,302220.84375,-1,25701.83984375,5478.07666015625,27483.72265625,3.5987141132354736,3.6585633754730225,87.9079818725586,54.94313430786133,45.452056884765625,40.15428924560547,60.24089813232422,60.24089813232422,27483.723,54.943134,-2.6991613361687814,0.0884413348480881,0.9465811965811965,675.5775647772896,60.56719249264454
331063885824.0,3.087076425552368,0.4458073675632477,0.23285958170890808,-308.83233642578125,-483.6142578125,2477,124,275,241,0.8890235424041748,128226.421875,-1,20147.8671875,2334.01513671875,20855.5859375,3.245530128479004,3.541712522506714,67.4117431640625,64.37647247314453,65.35635375976562,48.560428619384766,81.17239379882812,81.17239379882812,20855.586,64.37647,-2.5104945455228993,0.039319215515391914,0.8936170212765957,643.4863460049537,51.86756554994651
714569089024.0,2.733924627304077,0.7646958231925964,2.6408846378326416,-454.6958312988281,209.36705017089844,7010,162,466,476,0.9528985619544983,627937.0,-1,64293.30078125,13421.6220703125,68105.1640625,4.12870454788208,4.066409111022949,241.3554229736328,186.4055938720703,127.10356903076172,124.32526397705078,189.18389892578125,189.18389892578125,68105.164,186.4056,-2.5627208694645023,0.0499,0.9337606837606836,1673.0440216023935,77.44552732238009
165858869248.0,3.082813262939453,0.33015647530555725,0.08346804231405258,518.2302856445312,-104.2777328491211,1679,102,362,325,1.0413644313812256,113467.65625,-1,11210.3779296875,2027.248779296875,11711.6171875,3.1675310134887695,3.2974464893341064,37.329891204833984,10.816211700439453,4.504398345947266,3.5400259494781494,11.780584335327148,11.780584335327148,11711.617,10.816212,-3.0345376742384365,0.13038636155252287,0.9194029850746267,346.37800592300533,46.54886569993233
